name,offline_redeemurl
W,https://www.google.com/maps/search/w+for+women+near+me
Victoria Secret Beauty,https://www.google.com/maps/search/Victoria+Secret+Beauty+near+me
Veromoda,https://www.google.com/maps/search/veromoda+near+me
Titan,https://www.google.com/maps/search/titan+store+near+me
The Body Shop,https://www.google.com/maps/search/the+body+shop+near+me
TGIF,https://www.google.com/maps/search/TGI+Fridays+near+me
Pure Home + Living,https://www.google.com/maps/search/pure+home%2Bliving+near+me
Prestige,https://www.google.com/maps/search/prestige+smart+kitchen+near+me
PC Jeweller Diamond,https://www.google.com/maps/search/pc+jeweller+near+me
ONLY,https://www.google.com/maps/search/
Levis,https://www.google.com/maps/search/levi's+exclusive+store+near+me
Kama Ayurveda,https://www.google.com/maps/search/kama+ayurveda+near+me
Kalyan Gold Jewellery,https://www.google.com/maps/search/kalyan+jewellers+near+me
Kalyan Gold Coins,https://www.google.com/maps/search/kalyan+jewellers+near+me
Kalyan Diamond Jewellery,https://www.google.com/maps/search/kalyan+diamond+jewellery+near+me
Jack & Jones,https://www.google.com/maps/search/jack+%26+jones+near+me
Himalaya Wellness,https://www.google.com/maps/search/himalaya+wellness+store+near+me
Hidesign,https://www.google.com/maps/search/hidesign+near+me
GRT Jewellers,https://www.google.com/maps/search/grt+jewellers+near+me
Croma,https://www.google.com/maps/search/croma+near+me
Barbeque Nation,https://www.google.com/maps/search/barbeque+nation+near+me
American Tourister,https://www.google.com/maps/search/american+tourister+store+near+me
ALDO Instant Vouchers,https://www.google.com/maps/search/ALDO+near+me
Archies Gallery Instant Vouchers,https://www.google.com/maps/search/Archies+Gallery+near+me
Aurelia Instant Vouchers,https://www.google.com/maps/search/Aurelia+near+me
Baskin Robbins Instant Vouchers,https://www.google.com/maps/search/Baskin+Robbins+near+me
Bata Instant Vouchers,https://www.google.com/maps/search/Bata+near+me
BATH & BODY WORKS Instant Vouchers,https://www.google.com/maps/search/Bath+%26+Body+Works+near+me
The Beer Cafe Instant Vouchers,https://www.google.com/maps/search/Beer+Cafe+near+me
BEVERLY HILLS POLO CLUB Instant Vouchers,https://www.google.com/maps/search/Beverly+Hills+Polo+Club+near+me
Blissclub Instant Vouchers,https://www.google.com/maps/search/Blissclub+near+me
Cafe Delhi Heights Instant Vouchers,https://www.google.com/maps/search/Cafe+Delhi+Heights+near+me
CALL IT SPRING Instant Vouchers,https://www.google.com/maps/search/Call+it+Spring+near+me
Campus Instant Vouchers,https://www.google.com/maps/search/Campus+near+me
CHARLES & KEITH Instant Vouchers,https://www.google.com/maps/search/CHARLES+%26+KEITH+near+me
Chumbak Instant Vouchers,https://www.google.com/maps/search/Chumbak+near+me
ColorPlus Instant Vouchers,https://www.google.com/maps/search/ColorPlus+near+me
Decathlon Instant Vouchers,https://www.google.com/maps/search/Decathlon+near+me
Fashion Factory Instant Vouchers,https://www.google.com/maps/search/Fashion+Factory+near+me
Future World Instant Vouchers,https://www.google.com/maps/search/FUTURE+WORLD+-+APPLE+RESELLER+near+me
GIVA Instant Vouchers,https://www.google.com/maps/search/GIVA+near+me
GIVA Gold Jewellery Instant Vouchers,https://www.google.com/maps/search/GIVA+Gold+Jewellery+near+me
GIVA Silver Coin Instant Vouchers,https://www.google.com/maps/search/GIVA+Silver+Coin+near+me
HealthKart Instant Voucher,https://www.google.com/maps/search/HealthKart+near+me
Helios Instant Vouchers,https://www.google.com/maps/search/Helios+near+me
Hush Puppies Instant Vouchers,https://www.google.com/maps/search/Hush+Puppies+near+me
INGLOT Instant Vouchers,https://www.google.com/maps/search/Inglot+near+me
Lenskart Instant Voucher,https://www.google.com/maps/search/LENSKART+near+me
Liberty Instant Vouchers,https://www.google.com/maps/search/Liberty+near+me
Luxe Instant Vouchers,https://www.google.com/maps/search/Luxe+Gift+Card+near+me
Mainland China Instant Vouchers,https://www.google.com/maps/search/Mainland+China+near+me
Malabar Diamonds Instant Vouchers,https://www.google.com/maps/search/Malabar+Diamonds+near+me
Malabar Gold Coin Instant Vouchers,https://www.google.com/maps/search/Malabar+Gold+Coin+near+me
Malabar Jewellery Instant Vouchers,https://www.google.com/maps/search/Malabar+Jewellery+near+me
Manyavar Instant Vouchers,https://www.google.com/maps/search/Manyavar+near+me
Marks & Spencer Instant Vouchers,https://www.google.com/maps/search/Marks+%26+Spencer+near+me
MIA Instant Vouchers,https://www.google.com/maps/search/mia+by+tanishq+near+me
Nykaa Instant Vouchers,https://www.google.com/maps/search/Nykaa+near+me
Oh! Calcutta Instant Vouchers,https://www.google.com/maps/search/Oh%21+Calcutta+near+me
Organic India Instant Vouchers,https://www.google.com/maps/search/ORGANIC+INDIA+near+me
Pantaloons Instant Vouchers,https://www.google.com/maps/search/PANTALOONS+near+me
Park Avenue Instant Vouchers,https://www.google.com/maps/search/Park+Avenue+near+me
Parx Instant Vouchers,https://www.google.com/maps/search/Parx+near+me
PC jewellers Gold Jewellery Instant Vouchers,https://www.google.com/maps/search/PC+Jeweller+Gold+near+me
PC Jewellers Gold Coins Instant Vouchers,https://www.google.com/maps/search/PC+Jeweller+Gold+Coin+near+me
Pigeon Instant Vouchers,https://www.google.com/maps/search/Pigeon+near+me
Pizza Hut Instant Vouchers,https://www.google.com/maps/search/Pizza+Hut+near+me
Puma Instant Vouchers,https://www.google.com/maps/search/Puma+near+me
R&B Instant Vouchers,https://www.google.com/maps/search/R%26B+near+me
Relaxo Instant Vouchers,https://www.google.com/maps/search/Relaxo+near+me
Reliance Jewels Instant Vouchers,https://www.google.com/maps/search/Reliance+Jewels+near+me
Reliance My Jio Store Instant Vouchers,https://www.google.com/maps/search/Reliance+My+Jio+Store+near+me
Reliance Smart Bazaar Instant Vouchers,https://www.google.com/maps/search/Reliance+Smart+Bazaar+near+me
Reliance Smart Point Instant Vouchers,https://www.google.com/maps/search/Reliance+Smart+Point+near+me
Reliance Trends Instant Vouchers,https://www.google.com/maps/search/Reliance+Trends+near+me
Reliance Trends Footwear Instant Vouchers,https://www.google.com/maps/search/Reliance+Trends+Footwear+near+me
Samsonite Instant Vouchers,https://www.google.com/maps/search/Samsonite+near+me
Shoppers Stop Instant Vouchers,https://www.google.com/maps/search/Shoppers+Stop+near+me
Sigree Instant Vouchers,https://www.google.com/maps/search/SIGREE+near+me
Skechers Instant Vouchers,https://www.google.com/maps/search/Skechers+near+me
Skinn Instant Vouchers,https://www.google.com/maps/search/Skinn+near+me
Soch Apparels Instant Vouchers,https://www.google.com/maps/search/Soch+near+me
Spencer's Retail Instant Vouchers,https://www.google.com/maps/search/Spencer%27s+Retail+near+me
Starbucks Instant Vouchers,https://www.google.com/maps/search/Starbucks+near+me
SubwayInstant Vouchers,https://www.google.com/maps/search/Subway+near+me
Sweet Bengal Instant Vouchers,https://www.google.com/maps/search/Sweet+Bengal+near+me
Taneira Instant Vouchers,https://www.google.com/maps/search/Taneira+near+me
The Raymond Shop Instant Vouchers,https://www.google.com/maps/search/The+Raymond+Shop+near+me
Titan Eye Plus Instant Vouchers,https://www.google.com/maps/search/Titan+Eye+Plus+near+me
TRUEFITT & HILL Instant Vouchers,https://www.google.com/maps/search/TRUEFITT+%26+HILL+near+me
V Mart Instant Vouchers,https://www.google.com/maps/search/V+Mart+near+me
VICTORIA'S SECRET Instant Vouchers,https://www.google.com/maps/search/VICTORIA%27S+SECRET+near+me
VICTORIA'S SECRET BEAUTY Instant Vouchers,https://www.google.com/maps/search/VICTORIA%27S+SECRET+BEAUTY+near+me
Vijay Sales Instant Voucher,https://www.google.com/maps/search/Vijay+Sales+near+me
Wildcraft Instant Vouchers,https://www.google.com/maps/search/Wildcraft+near+me
Wonderchef Instant Vouchers,https://www.google.com/maps/search/Wonderchef+near+me
Woodland Instant Vouchers,https://www.google.com/maps/search/Woodland+near+me
Wow!Chicken Instant Vouchers,https://www.google.com/maps/search/Wow%21Chicken+near+me
Wow!China Instant Voucher,https://www.google.com/maps/search/Wow%21China+near+me
Wow!Momo Instant Vouchers,https://www.google.com/maps/search/Wow%21Momo+near+me
Malabar Diamond Instant Voucher,https://www.google.com/maps/search/?api=1&query=Malabar+store+near+me
Villeroy and Boch-Luxe Instant Voucher,https://www.luxegiftcard.com/brands?name=Villeroy+and+Boch#store_location
Adidas Kids-Luxe Instant Voucher,https://www.google.com/maps/search/adidas+kids+store+near+me
Versace-Luxe Instant Voucher,https://www.google.com/maps/search/Versace+near+me
Valentino-Luxe Instant Voucher,https://www.google.com/maps/search/Valentino+clothing+near+me
Superdry Sport-Luxe Instant Voucher,https://www.google.com/maps/search/superdry+near+me
Giorgio Armani-Luxe Instant Voucher,https://www.google.com/maps/search/Giorgio+Armani+near+me
Emporio Armani-Luxe Instant Voucher,https://www.google.com/maps/search/Emporio+Armani+near+me
Diesel-Luxe Instant Voucher,https://www.google.com/maps/search/Diesel+fashion+store+near+me
World of Titan SmartWatch Instant Voucher,https://www.google.com/maps/search/?api=1&query=World+of+Titan+SmartWatch+store+near+me
Fastrack SmartWatch Instant Voucher,https://www.google.com/maps/search/?api=1&query=Fastrack+SmartWatch+store+near+me
Snitch Instant Voucher,https://www.google.com/maps/search/?api=1&query=Snitch+EGift+Card+store+near+me
Indian Terrain Instant Voucher,https://www.google.com/maps/search/?api=1&query=Indian+Terrain+E-GiftCard+store+near+me
Unicorn Apple Premium Partner Instant Voucher,https://www.google.com/maps/search/?api=1&query=Unicorn+Apple+Premium+Partner+store+near+me
PEORA FASHIONS Instant Voucher,https://www.google.com/maps/search/?api=1&query=PEORA+FASHIONS+store+near+me
Pret A Manger-Luxe Instant Voucher,https://www.google.com/maps/search/Pret+A+Manger+near+me
AKOK-Luxe Instant Voucher,https://www.luxegiftcard.com/brands?name=AKOK#store_location
RITU KUMAR-Luxe Instant Voucher,https://www.google.com/maps/search/ritu+kumar+near+me
Tods-Luxe Instant Voucher,https://www.google.com/maps/search/tods+near+me
Salvatore Ferragamo-Luxe Instant Voucher,https://www.google.com/maps/search/Salvatore+Ferragamo+near+me
Dune-Luxe Instant Voucher,https://www.google.com/maps/search/Dune+near+me
Bally-Luxe Instant Voucher,https://www.google.com/maps/search/bally+fashion+near+me
West Elm-Luxe Instant Voucher,https://www.google.com/maps/search/west+elm+near+me
POTTERYBARN-Luxe Instant Voucher,https://www.google.com/maps/search/Pottery+Barn+near+me
Muji-Luxe Instant Voucher,https://www.google.com/maps/search/Muji+near+me
Tory Burch-Luxe Instant Voucher,https://www.google.com/maps/search/Tory+Burch+near+me
Jimmy Choo-Luxe Instant Voucher,https://www.google.com/maps/search/Jimmy+Choo+near+me
Bottega Veneta-Luxe Instant Voucher,https://www.google.com/maps/search/Bottega+Veneta+near+me
SANDRO-Luxe Instant Voucher,https://www.google.com/maps/search/sandro+clothing+near+me
Paul and Shark-Luxe Instant Voucher,https://www.google.com/maps/search/Paul+and+Shark+near+me
MAJE-Luxe Instant Voucher,https://www.google.com/maps/search/Maje+near+me
La Martina-Luxe Instant Voucher,https://www.google.com/maps/search/La+Martina+near+me
The White Crow-Luxe Instant Voucher,https://www.google.com/maps/search/The+White+Crow+near+me
EA7-Luxe Instant Voucher,https://www.luxegiftcard.com/brands?name=EA7#store_location
CHARLES TYRWHITT-Luxe Instant Voucher,https://www.google.com/maps/search/Charles+Tyrwhitt+near+me
Canali-Luxe Instant Voucher,https://www.google.com/maps/place/Canali+Boutique+near+me
SUNGLASS HUT-Luxe Instant Voucher,https://www.google.com/maps/search/Sunglass+Hut+near+me
Funcity Instant Voucher,https://www.google.com/maps/search/?api=1&query=Funcity+store+near+me
Legends of Runeterra Riot Cash Instant Voucher,https://www.google.com/maps/search/?api=1&query=Legends+of+Runeterra+Riot+Cash+store+near+me
Team Fight Tactics Riot Cash Instant Voucher,https://www.google.com/maps/search/?api=1&query=Team+Fight+Tactics+Riot+Cash+store+near+me
League of Legends Riot Cash Instant Voucher,https://www.google.com/maps/search/?api=1&query=League+of+Legends+Riot+Cash+store+near+me
Giva Silver Coin EGift Card,https://www.google.com/maps/search/?api=1&query=Giva+Jewellery+store+near+me
GIVA Gold Jewellery Instant Voucher,https://www.google.com/maps/search/?api=1&query=Giva+Jewellery+store+near+me
GIVA Jewellery Instant Voucher,https://www.google.com/maps/search/?api=1&query=Giva+Jewellery+store+near+me
Jos Alukkas Diamond Instant Voucher,https://www.google.com/maps/search/?api=1&query=Jos+Alukkas+Diamond+store+near+me
Jos Alukkas Coin Instant Voucher,https://www.google.com/maps/search/?api=1&query=Jos+Alukkas+Coin+store+near+me
Jos Alukkas Jewellery Instant Voucher,https://www.google.com/maps/search/?api=1&query=Jos+Alukkas+Jewellery+store+near+me
The Wellness Co Instant Voucher,https://www.google.com/maps/search/?api=1&query=The+Wellness+Co+store+near+me
TEP Instant Voucher,https://www.google.com/maps/search/?api=1&query=TEP+store+near+me
McDonald's Instant Voucher,https://www.google.com/maps/search/?api=1&query=McDonald%E2%80%99s+E+-Gift+Card+store+near+me
Malabar Gold Coin Instant Voucher,https://www.google.com/maps/search/?api=1&query=Malabar+store+near+me
Malabar Gold Jewellery Instant Voucher,https://www.google.com/maps/search/?api=1&query=Malabar+store+near+me
Louis Philippe Instant Voucher,https://www.google.com/maps/search/?api=1&query=Louis+Philippe+store+near+me
Gupta Distributors Instant Voucher,https://www.google.com/maps/search/?api=1&query=Gupta+Distributors+store+near+me
Ode Spa Salon Instant Voucher,https://www.google.com/maps/search/?api=1&query=O2+Spa+store+near+me
Lawrence And Mayo Instant Voucher,https://www.google.com/maps/search/?api=1&query=Lawrence+And+Mayo+store+near+me
Shoppers Stop Instant Voucher,https://www.google.com/maps/search/?api=1&query=Shoppers+Stop+store+near+me
Titan Eye+ Instant Voucher,https://www.google.com/maps/search/?api=1&query=Titan+Eye%2B+store+near+me
EasyBuy Instant Voucher,https://www.google.com/maps/search/?api=1&query=EasyBuy+store+near+me
UniPin Valorant Instant Voucher,https://www.google.com/maps/search/?api=1&query=UniPin+Valorant+store+near+me
Toscano Instant Voucher,https://www.google.com/maps/search/?api=1&query=Toscano+store+near+me
Chumbak Instant Voucher,https://www.google.com/maps/search/?api=1&query=Chumbak+store+near+me
Tumi-Luxe Instant Voucher,https://www.google.com/maps/search/Tumi+store+near+me
Michael Kors-Luxe Instant Voucher,https://www.google.com/maps/search/Michael+Kors+near+me
Hugo Boss-Luxe Instant Voucher,https://www.google.com/maps/search/Hugo+Boss+near+me
Kate Spade-Luxe Instant Voucher,https://www.google.com/maps/search/Kate+Spade+near+me
Coach-Luxe Instant Voucher,https://www.google.com/maps/search/coach+store
Pantaloons Instant Voucher,https://www.google.com/maps/search/?api=1&query=Pantaloons+store+near+me
Allen Solly Instant Voucher,https://www.google.com/maps/search/?api=1&query=Allen+Solly+store+near+me
Van Heusen Instant Voucher,https://www.google.com/maps/search/?api=1&query=Van+Heusen+store+near+me
Titan Instant Voucher,https://www.google.com/maps/search/?api=1&query=Titan+E-Gift+card+store+near+me
Peter England Instant Voucher,https://www.google.com/maps/search/?api=1&query=Peter+England+store+near+me
Taco Bell Instant Voucher,https://www.google.com/maps/search/?api=1&query=Taco+Bell+QC+store+near+me
Louis Philippe Instant Voucher,https://www.google.com/maps/search/?api=1&query=Louis+Philippe+store+near+me
Allen Solly Instant Voucher,https://www.google.com/maps/search/?api=1&query=Allen+Solly+store+near+me
Lifestyle Instant Voucher,https://www.google.com/maps/search/?api=1&query=Lifestyle+store+near+me
Van Heusen Instant Voucher,https://www.google.com/maps/search/?api=1&query=Van+Heusen+store+near+me
Homecentre Instant Voucher,https://www.google.com/maps/search/?api=1&query=Homecentre+store+near+me
Max Fashion Instant Voucher,https://www.google.com/maps/search/?api=1&query=Max+Fashion+store+near+me
Reliance Smart Super Store Instant Voucher,https://www.google.com/maps/search/?api=1&query=Reliance+Smart+Super+Store+store+near+me
Reliance Smart Point Instant Voucher,https://www.google.com/maps/search/?api=1&query=Reliance+Smart+Point+store+near+me
Reliance Smart Bazaar Instant Voucher,https://www.google.com/maps/search/?api=1&query=Reliance+Smart+Bazaar+store+near+me
Subway Instant Voucher,https://www.google.com/maps/search/?api=1&query=Subway+store+near+me
World of Titan Instant Voucher,https://www.google.com/maps/search/?api=1&query=WOT+store+near+me
Helios Instant Voucher,https://www.google.com/maps/search/?api=1&query=Helios+store+near+me
FT Instant Voucher,https://www.google.com/maps/search/?api=1&query=FT+store+near+me
Peter England Instant Voucher,https://www.google.com/maps/search/?api=1&query=Peter+England+-PreBuy+store+near+me
Valorant Points Instant Voucher,https://www.google.com/maps/search/?api=1&query=Valorant+Points+store+near+me
Mia By Tanishq Instant Voucher,https://www.google.com/maps/search/?api=1&query=Mia+By+Tanishq+store+near+me
Westside Instant Voucher,https://www.google.com/maps/search/?api=1&query=Westside+store+near+me
Lee Instant Voucher,https://www.google.com/maps/search/?api=1&query=Lee+store+near+me
Wrangler Instant Voucher,https://www.google.com/maps/search/?api=1&query=Wrangler+store+near+me
Trends Women Instant Voucher,https://www.google.com/maps/search/?api=1&query=Trends+Women+store+near+me
Trends Man Instant Voucher,https://www.google.com/maps/search/?api=1&query=Trends+Man+store+near+me
Trends Junior Instant Voucher,https://www.google.com/maps/search/?api=1&query=Trends+Junior+store+near+me
Trends Footwear Instant Voucher,https://www.google.com/maps/search/?api=1&query=Trends+Footwear+store+near+me
PC Chandra Gold Coin Instant Voucher,https://www.google.com/maps/search/?api=1&query=PC+Chandra+Gold+Coin+store+near+me
Reliance Trends Instant Voucher,https://www.google.com/maps/search/?api=1&query=Reliance+Trends+store+near+me
My Jio Store Instant Voucher,https://www.google.com/maps/search/?api=1&query=My+Jio+Store+store+near+me
Reliance Jewels Instant Voucher,https://www.google.com/maps/search/?api=1&query=Reliance+Jewels+store+near+me
Reliance Digital Instant Voucher,https://www.google.com/maps/search/?api=1&query=Reliance+Digital+store+near+me
Forever New Instant Voucher,https://www.google.com/maps/search/?api=1&query=Forever+New+store+near+me
GRT Jewellers Instant Voucher,https://www.google.com/maps/search/?api=1&query=GRT+Jewellers+store+near+me
Unlimited Instant Voucher,https://www.google.com/maps/search/?api=1&query=Vmart+store+near+me
Easybuy Brand Instant Voucher,https://www.google.com/maps/search/?api=1&query=Easybuy+Brand+store+near+me
Bikanervala Instant Voucher,https://www.google.com/maps/search/?api=1&query=Bikanervala+store+near+me
Absolute Barbecues Instant Voucher,https://www.google.com/maps/search/?api=1&query=Absolute+Barbecues+store+near+me
Decathlon Instant Voucher,https://www.google.com/maps/search/?api=1&query=Decathlon+store+near+me
Zambar Instant Voucher,https://www.google.com/maps/search/?api=1&query=Zambar+store+near+me
YouMee Instant Voucher,https://www.google.com/maps/search/?api=1&query=YouMee+store+near+me
Street Foods By PUNJAB Grill Instant Voucher,https://www.google.com/maps/search/?api=1&query=Street+Foods+By+PUNJAB+Grill+store+near+me
Asia Seven Express Instant Voucher,https://www.google.com/maps/search/?api=1&query=Asia+Seven+Express+store+near+me
Punjab Grill Instant Voucher,https://www.google.com/maps/search/?api=1&query=Punjab+Grill+store+near+me
MiniKlub Instant Voucher,https://www.google.com/maps/search/?api=1&query=MiniKlub+store+near+me
Scotch & Soda-Luxe Instant Voucher,https://www.google.com/maps/search/scotch+%26+soda+store+near+me
Satya Paul-Luxe Instant Voucher,https://www.google.com/maps/search/Satya+Paul+near+me
Gas-Luxe Instant Voucher,https://www.google.com/maps/search/Gas+fashion+near+me
Brooks Brothers-Luxe Instant Voucher,https://www.google.com/maps/place/Brooks+Brothers+near+me
Lite Bite Food Instant Voucher,https://www.google.com/maps/search/?api=1&query=Lite+Bite+Food+store+near+me
Wildcraft Instant Voucher,https://www.google.com/maps/search/?api=1&query=Wildcraft+India+store+near+me
Aurelia Instant Vouchers,https://www.google.com/maps/search/?api=1&query=TCNS+Aurelia+eGift+Cards+store+near+me
W Instant Vouchers,https://www.google.com/maps/search/?api=1&query=TCNS+W+eGift+Cards+store+near+me
Pizza Hut Instant Voucher,https://www.google.com/maps/search/?api=1&query=Pizza+Hut+store+near+me
Nilkamal Homes Instant Voucher,https://www.google.com/maps/search/?api=1&query=Nilkamal+Homes+store+near+me
Steam Instant Voucher,https://www.google.com/maps/search/?api=1&query=Steam+store+near+me
Vijay Sales Instant Voucher,https://www.google.com/maps/search/?api=1&query=Vijay+Sales+Processing+store+near+me
Marriott India Instant Voucher - Spa,https://www.google.com/maps/search/?api=1&query=Marriott+India+Egift+Card-SPA+Variant+store+near+me
Marriott India Instant Voucher - Dining,https://www.google.com/maps/search/?api=1&query=Marriott+India+Egift+Card-Dining+Variant+2+store+near+me
Marriott India Instant Voucher - Dining,https://www.google.com/maps/search/?api=1&query=Marriott+India+Egift+Card-Dining+Variant+1+store+near+me
Bhima Jewellers - Coin Instant Voucher,https://www.google.com/maps/search/?api=1&query=Bhima+Jewellers+store+near+me
Bhima Jewellery Instant Voucher,https://www.google.com/maps/search/?api=1&query=Bhima+Jewellers+store+near+me
MOTHER CARE-Luxe Instant Voucher,https://www.google.com/maps/search/Mothercare+store+near+me
Starbucks Instant Voucher,https://www.google.com/maps/search/?api=1&query=Starbucks+store+near+me
Skechers Instant Voucher,https://www.google.com/maps/search/?api=1&query=Skechers+store+near+me
V-Mart Instant Vouchers,https://www.google.com/maps/search/?api=1&query=Vmart+store+near+me
Sterling Holidays Instant Voucher,https://www.google.com/maps/search/?api=1&query=Sterling+Holidays+store+near+me
Polar Bear Instant Vouchers,https://www.google.com/maps/search/?api=1&query=Polar+Bear+s+store+near+me
Linen Club Instant Voucher,https://www.google.com/maps/search/?api=1&query=Linen+Club+store+near+me
Selected Homme Instant Voucher,https://www.google.com/maps/search/?api=1&query=Selected+Homme+store+near+me
Vero Moda Instant Vouchers,https://www.google.com/maps/search/?api=1&query=Vero+Moda+s+store+near+me
JACK & JONES Instant Voucher,https://www.google.com/maps/search/?api=1&query=JACK+%26+JONES+store+near+me
SOTC Travel Instant Vouchers,https://www.google.com/maps/search/?api=1&query=SOTC+Travel+s+store+near+me
Marriott Hotels India Instant Voucher,https://www.google.com/maps/search/?api=1&query=Marriott+Hotels+India+store+near+me
Health and Glow Instant Voucher,https://www.google.com/maps/search/?api=1&query=Health+and+Glow+store+near+me
Cafe Coffee Day Instant Vouchers,https://www.google.com/maps/search/?api=1&query=Cafe+Coffee+Day+s+store+near+me
Simon Carter Instant Vouchers,https://www.google.com/maps/search/?api=1&query=Simon+Carter+eGift+cards+store+near+me
The Collective Instant Voucher,https://www.google.com/maps/search/?api=1&query=The+Collective+store+near+me
Rangoli Sarees Instant Voucher,https://www.google.com/maps/search/?api=1&query=Rangoli+Sarees+store+near+me
ITC Hotels Instant Voucher,https://www.google.com/maps/search/?api=1&query=ITC+Hotels+store+near+me
Imagine Apple Premium Reseller Instant Voucher,https://www.google.com/maps/search/?api=1&query=+Imagine+Apple+Premium+Reseller+store+near+me
American Eagle Instant Voucher,https://www.google.com/maps/search/?api=1&query=American+Eagle+store+near+me
The Postcard Hotels Instant Vouchers,https://www.google.com/maps/search/?api=1&query=The+Postcard+Hotels+s+store+near+me
Puma Instant Voucher,https://www.google.com/maps/search/?api=1&query=Puma+store+near+me
Lulu Hypermarket Instant Vouchers,https://www.google.com/maps/search/?api=1&query=Lulu+Hypermarket+s+store+near+me
Pantaloons Instant Voucher,https://www.google.com/maps/search/?api=1&query=Pantaloons+store+near+me
Apollo Healing Instant Voucher,https://www.google.com/maps/search/?api=1&query=Apollo+Healing+store+near+me
Dune London-Luxe Instant Voucher,https://www.google.com/maps/search/Dune+London+near+me
Steve Madden-Luxe Instant Voucher,https://www.google.com/maps/search/Steve+Madden+store+near+me
Armani Exchange-Luxe Instant Voucher,https://www.google.com/maps/search/Armani+Exchange+near+me
Superdry-Luxe Instant Voucher,https://www.google.com/maps/search/Superdry+store+near+me
HAMLEYS - LUXE Instant Voucher,https://www.google.com/maps/search/hamleys+store+near+me
The Body Shop Instant Vouchers,https://www.google.com/maps/search/?api=1&query=The+Body+Shop+s+store+near+me
Luxe Instant Voucher,https://www.luxegiftcard.com/brands?name=Luxe+E-Gift+Card#store_location
Kalyan Gold & Silver Coin Instant Voucher,https://www.google.com/maps/search/?api=1&query=Kalyan+Gold+%26+Silver+Coin+store+near+me
Kalyan Gold Jewellers Instant Voucher,https://www.google.com/maps/search/?api=1&query=Kalyan+Gold+Jewellers+store+near+me
Kalyan Diamond Instant Voucher,https://www.google.com/maps/search/?api=1&query=Kalyan+Diamond+store+near+me
Joyalukkas Diamond Instant Voucher,https://www.google.com/maps/search/?api=1&query=Joyalukkas+Diamond+store+near+me
Joyalukkas Pure Gold Instant Voucher,https://www.google.com/maps/search/?api=1&query=Joyalukkas+Pure+Gold+store+near+me
Joyalukkas Gold and Diamond Instant Voucher,https://www.google.com/maps/search/?api=1&query=Joyalukkas+Gold+and+Diamond+store+near+me
Tanishq Studded Instant Voucher,https://www.google.com/maps/search/?api=1&query=Tanishq+Jewellery+store+near+me
Tanishq Jewellery Instant Voucher,https://www.google.com/maps/search/?api=1&query=Tanishq+Jewellery+store+near+me
Tanishq Gold Coin Instant Voucher,https://www.google.com/maps/search/?api=1&query=Tanishq+Jewellery+store+near+me
Barbeque Nation Instant Voucher,https://www.google.com/maps/search/?api=1&query=Barbeque+Nation+store+near+me
Ratnadeep Retail Instant Voucher,https://www.google.com/maps/search/?api=1&query=Ratnadeep+Retail+store+near+me
Spencer's Instant Voucher,https://www.google.com/maps/search/?api=1&query=Spencer%E2%80%99s+store+near+me
PCJ Gold Coin Instant Voucher,https://www.google.com/maps/search/?api=1&query=PCJ+Gold+Coin+store+near+me
PCJ Gold Jewellery Instant Voucher,https://www.google.com/maps/search/?api=1&query=PCJ+Gold+Jewellery+store+near+me
PCJ Diamond Jewellery Instant Voucher,https://www.google.com/maps/search/?api=1&query=PCJ+Diamond+Jewellery+store+near+me
Taneira Instant Voucher,https://www.google.com/maps/search/?api=1&query=Taneira+E-Gift+card+store+near+me
BodyCraft Instant Voucher,https://www.google.com/maps/search/?api=1&query=BodyCraft+store+near+me
Chumbak Instant Voucher,https://www.google.com/maps/search/?api=1&query=Chumbak+store+near+me
Aeropostale Instant Voucher,https://www.google.com/maps/search/?api=1&query=Aeropostale+store+near+me
Nature's Basket Instant Voucher,https://www.google.com/maps/search/?api=1&query=Nature%27s+Basket+store+near+me
KFC Instant Voucher,https://www.google.com/maps/search/?api=1&query=KFC+store+near+me
Taj Hotels Instant Voucher,https://www.google.com/maps/search/?api=1&query=Taj+Hotels+store+near+me
Croma Instant Voucher,https://www.google.com/maps/search/?api=1&query=Croma+store+near+me
Lakme Salon Instant Voucher,https://www.google.com/maps/search/?api=1&query=Lakme+Salon+store+near+me
Levi's Instant Voucher,https://www.google.com/maps/search/?api=1&query=Levi%27s+store+near+me
Planet Fashion Instant Voucher,https://www.google.com/maps/search/?api=1&query=Planet+Fashion+store+near+me
Prestige Smart Kitchen Instant Voucher,https://www.google.com/maps/search/?api=1&query=Prestige+Smart+Kitchen+store+near+me
Himalaya Instant Voucher,https://www.google.com/maps/search/?api=1&query=Himalaya+e-Gift+Voucher+store+near+me
